Date,Country,City,Specie,count,min,max,median,variance
31-12-2018,IN,Kolkata,temperature,120,11.1,24.1,15.7,146.77
01-01-2019,IN,Kolkata,temperature,116,10.1,24.1,16,162.17
02-01-2019,IN,Kolkata,temperature,120,11,26.1,16.7,191.65
03-01-2019,IN,Kolkata,temperature,120,11.1,25.4,16.1,200.75
04-01-2019,IN,Kolkata,temperature,120,11,24.1,16.4,179.06
05-01-2019,IN,Kolkata,temperature,120,10.1,25.1,16.1,189.43
06-01-2019,IN,Kolkata,temperature,120,11.7,26.1,17.1,203.15
07-01-2019,IN,Kolkata,temperature,120,11.1,27.1,17.7,234.99
08-01-2019,IN,Kolkata,temperature,120,12.4,25.1,17.3,151.52
09-01-2019,IN,Kolkata,temperature,120,12.7,24.8,17.1,126.44
10-01-2019,IN,Kolkata,temperature,120,12.1,24.2,16.9,132.02
11-01-2019,IN,Kolkata,temperature,120,11.1,24.2,16.2,163.74
12-01-2019,IN,Kolkata,temperature,120,11.4,25.1,16.7,182.98
13-01-2019,IN,Kolkata,temperature,120,11.1,26.1,16.9,194.74
14-01-2019,IN,Kolkata,temperature,120,13,26.1,18.4,161.3
15-01-2019,IN,Kolkata,temperature,120,13.6,24.1,17.1,93.46
16-01-2019,IN,Kolkata,temperature,120,10.6,24.1,15.9,157.7
17-01-2019,IN,Kolkata,temperature,120,10,25.1,16.1,210.22
18-01-2019,IN,Kolkata,temperature,120,11.6,26.1,17.1,193.01
19-01-2019,IN,Kolkata,temperature,120,11.4,25.4,16.8,173.01
20-01-2019,IN,Kolkata,temperature,120,12,25.6,17.5,182.75
21-01-2019,IN,Kolkata,temperature,120,12.1,27.1,17.6,210.71
22-01-2019,IN,Kolkata,temperature,120,12.1,28.1,18.7,239.24
23-01-2019,IN,Kolkata,temperature,120,13.1,29.1,19.4,243.68
24-01-2019,IN,Kolkata,temperature,120,14.1,29.1,20.8,225.34
25-01-2019,IN,Kolkata,temperature,120,14.1,28.6,20.7,177.86
26-01-2019,IN,Kolkata,temperature,120,15.7,29.1,20.9,138.47
27-01-2019,IN,Kolkata,temperature,120,17.8,26.1,20.8,65.47
28-01-2019,IN,Kolkata,temperature,120,17.1,22.6,19.7,18.91
29-01-2019,IN,Kolkata,temperature,120,13.3,23.6,17.9,63.37
30-01-2019,IN,Kolkata,temperature,120,10.5,23.6,16.4,136.66
31-01-2019,IN,Kolkata,temperature,119,11.1,25.1,17.6,184.17
01-02-2019,IN,Kolkata,temperature,120,12.3,28.1,18.2,225.61
02-02-2019,IN,Kolkata,temperature,120,12.1,28.1,19.4,236.14
03-02-2019,IN,Kolkata,temperature,120,13.1,28.2,20.1,230.83
04-02-2019,IN,Kolkata,temperature,120,13.3,29.1,19.4,221.44
05-02-2019,IN,Kolkata,temperature,120,11.2,27.1,19.1,192.47
06-02-2019,IN,Kolkata,temperature,120,12.1,29.1,20.2,224.42
07-02-2019,IN,Kolkata,temperature,120,15.1,30,22.8,198.23
08-02-2019,IN,Kolkata,temperature,120,14.1,30.3,23.1,169.62
09-02-2019,IN,Kolkata,temperature,120,18.1,26.1,20.9,54.53
10-02-2019,IN,Kolkata,temperature,120,15.1,25.1,19.1,82.48
11-02-2019,IN,Kolkata,temperature,120,13.1,25.5,18.7,151.34
12-02-2019,IN,Kolkata,temperature,120,13.4,27.1,19.1,176.36
13-02-2019,IN,Kolkata,temperature,120,14.4,28.3,19.9,189.22
14-02-2019,IN,Kolkata,temperature,120,14.6,30.1,22,243.92
15-02-2019,IN,Kolkata,temperature,120,15.9,31.1,22.5,199.21
16-02-2019,IN,Kolkata,temperature,120,18.5,28.1,20.7,74.62
17-02-2019,IN,Kolkata,temperature,120,18.1,29.1,21.4,98.74
18-02-2019,IN,Kolkata,temperature,120,14.1,28.1,20.7,120.01
19-02-2019,IN,Kolkata,temperature,120,15.1,32.1,23.2,221.04
20-02-2019,IN,Kolkata,temperature,120,21.1,33.1,23.9,128.81
21-02-2019,IN,Kolkata,temperature,120,18.6,33.1,24.1,175.27
22-02-2019,IN,Kolkata,temperature,120,20.1,35.1,25.2,172.62
23-02-2019,IN,Kolkata,temperature,120,21,34.1,26.1,132.91
24-02-2019,IN,Kolkata,temperature,120,20.1,32.1,25.1,90.6
25-02-2019,IN,Kolkata,temperature,120,15.6,24.5,20.6,65.01
26-02-2019,IN,Kolkata,temperature,117,18.3,24.1,20.2,17.25
27-02-2019,IN,Kolkata,temperature,120,15.8,27.1,19.7,88.86
28-02-2019,IN,Kolkata,temperature,120,17.3,23.2,19.8,26.1
01-03-2019,IN,Kolkata,temperature,120,16.1,25.5,19.1,87.36
02-03-2019,IN,Kolkata,temperature,120,14.1,27.1,19.6,153.12
03-03-2019,IN,Kolkata,temperature,120,15,28.1,22.6,164.4
04-03-2019,IN,Kolkata,temperature,120,19.9,28.1,23.4,58.02
05-03-2019,IN,Kolkata,temperature,120,20.1,28.1,24,49.4
06-03-2019,IN,Kolkata,temperature,118,19.5,29.1,23.2,68.61
07-03-2019,IN,Kolkata,temperature,120,20.1,28.1,22.3,52.19
08-03-2019,IN,Kolkata,temperature,109,17.9,30.1,23.5,137.74
09-03-2019,IN,Kolkata,temperature,96,19,31.6,24.8,152.62
10-03-2019,IN,Kolkata,temperature,120,20.1,31.1,25.2,70.39
11-03-2019,IN,Kolkata,temperature,120,23.4,32.4,27,71.06
12-03-2019,IN,Kolkata,temperature,120,22.7,35.1,27.4,117.2
13-03-2019,IN,Kolkata,temperature,120,23.7,35.1,28.1,105.74
14-03-2019,IN,Kolkata,temperature,120,22.1,35.1,28.6,119.78
15-03-2019,IN,Kolkata,temperature,117,22.1,33.2,25,137.98
16-03-2019,IN,Kolkata,temperature,106,20.1,33.6,26.2,110.73
17-03-2019,IN,Kolkata,temperature,120,18.7,34.1,25.8,196.21
18-03-2019,IN,Kolkata,temperature,120,19.3,31.1,23.9,122.42
19-03-2019,IN,Kolkata,temperature,120,22,32.1,25.9,96.18
20-03-2019,IN,Kolkata,temperature,120,22.8,33.1,26.5,86.45
21-03-2019,IN,Kolkata,temperature,120,23.1,35.1,27.2,129.34
22-03-2019,IN,Kolkata,temperature,113,21.4,35.1,25.7,138.46
23-03-2019,IN,Kolkata,temperature,96,22.2,35.1,26.8,149.98
24-03-2019,IN,Kolkata,temperature,96,20.5,34.1,25.9,161.41
25-03-2019,IN,Kolkata,temperature,96,19.9,36.1,27.6,225.16
26-03-2019,IN,Kolkata,temperature,119,23,35.1,26.1,116.1
27-03-2019,IN,Kolkata,temperature,120,21,33.1,27,116.98
28-03-2019,IN,Kolkata,temperature,120,23.3,33.1,28.1,89.7
29-03-2019,IN,Kolkata,temperature,120,23.9,34.1,27.7,77.06
30-03-2019,IN,Kolkata,temperature,120,24.5,34.1,27.9,76.46
31-03-2019,IN,Kolkata,temperature,115,25.2,34.1,28.4,61.64
01-04-2019,IN,Kolkata,temperature,120,22.8,32.1,27.4,54.55
02-04-2019,IN,Kolkata,temperature,120,24.7,34.1,28.1,69.72
03-04-2019,IN,Kolkata,temperature,119,25,35.1,28.1,82.74
04-04-2019,IN,Kolkata,temperature,118,25,34.1,28,45.21
05-04-2019,IN,Kolkata,temperature,120,21.9,33.1,27.5,59.67
06-04-2019,IN,Kolkata,temperature,120,19,34.1,25.1,233.37
07-04-2019,IN,Kolkata,temperature,120,19.7,32.1,26.1,135.23
08-04-2019,IN,Kolkata,temperature,119,23.8,32.1,27.1,51.57
09-04-2019,IN,Kolkata,temperature,120,19.5,34.1,25.6,165.83
10-04-2019,IN,Kolkata,temperature,120,20.4,32.1,27,112.81
11-04-2019,IN,Kolkata,temperature,120,24.8,34.1,28,67
12-04-2019,IN,Kolkata,temperature,120,25,34.1,28.4,76.62
13-04-2019,IN,Kolkata,temperature,120,24.1,36.1,27.4,140.04
15-04-2019,IN,Kolkata,temperature,120,25.6,37.1,29,101.28
16-04-2019,IN,Kolkata,temperature,110,23,37.1,29.6,148.04
17-04-2019,IN,Kolkata,temperature,105,24,36.1,29,114.34
18-04-2019,IN,Kolkata,temperature,119,22.8,35.1,29.2,118.25
19-04-2019,IN,Kolkata,temperature,109,24.3,34.1,28.1,57.58
20-04-2019,IN,Kolkata,temperature,120,22.7,37.1,28.5,187.52
21-04-2019,IN,Kolkata,temperature,120,20.7,37.1,28,229.18
22-04-2019,IN,Kolkata,temperature,120,21,33.6,28,154.57
23-04-2019,IN,Kolkata,temperature,120,24.3,37.1,30.1,135.23
24-04-2019,IN,Kolkata,temperature,120,25.5,36.5,30.1,115.48
25-04-2019,IN,Kolkata,temperature,120,25.7,36.1,29.7,101.08
26-04-2019,IN,Kolkata,temperature,114,24,36.1,28.5,107.97
27-04-2019,IN,Kolkata,temperature,96,27.8,37.5,31,96.95
28-04-2019,IN,Kolkata,temperature,120,27.4,38.1,30.1,99.97
29-04-2019,IN,Kolkata,temperature,120,26.9,38.1,30.1,77.85
30-04-2019,IN,Kolkata,temperature,107,27,37.1,30,71.74
01-05-2019,IN,Kolkata,temperature,96,27.5,36.1,30.2,70.06
02-05-2019,IN,Kolkata,temperature,96,27.6,35.1,30.1,41.5
03-05-2019,IN,Kolkata,temperature,96,24,30.1,26.2,35.24
04-05-2019,IN,Kolkata,temperature,104,23.2,28.1,25.5,21.28
05-05-2019,IN,Kolkata,temperature,120,23.7,37.1,29,166.72
06-05-2019,IN,Kolkata,temperature,120,27.1,40.1,30.3,169.35
07-05-2019,IN,Kolkata,temperature,120,27,39.1,30.2,147.01
08-05-2019,IN,Kolkata,temperature,120,27.4,40.1,30.5,153.35
09-05-2019,IN,Kolkata,temperature,112,28,39.1,31,123.45
10-05-2019,IN,Kolkata,temperature,96,28.2,38.1,30.3,95.96
11-05-2019,IN,Kolkata,temperature,96,28.7,37.1,30.1,65.75
12-05-2019,IN,Kolkata,temperature,96,28.9,36.1,30.8,54.51
13-05-2019,IN,Kolkata,temperature,96,21,36.1,30.1,133.4
14-05-2019,IN,Kolkata,temperature,120,21,35,27.5,161.65
15-05-2019,IN,Kolkata,temperature,120,23.1,36.1,30.1,128.25
16-05-2019,IN,Kolkata,temperature,120,26,37.1,30.1,99.32
17-05-2019,IN,Kolkata,temperature,120,28,37.1,31.1,84.79
18-05-2019,IN,Kolkata,temperature,120,29,37.1,31,70.41
19-05-2019,IN,Kolkata,temperature,120,26.6,38.1,30.1,78.16
20-05-2019,IN,Kolkata,temperature,120,28.3,36.2,31.1,73.02
21-05-2019,IN,Kolkata,temperature,120,28,37.1,30.7,66.11
22-05-2019,IN,Kolkata,temperature,120,28.5,36.4,30.6,57.85
23-05-2019,IN,Kolkata,temperature,120,25,35.1,30.1,80.31
24-05-2019,IN,Kolkata,temperature,120,27.8,37.1,31,61.63
25-05-2019,IN,Kolkata,temperature,120,21.1,33.1,28.5,100.81
26-05-2019,IN,Kolkata,temperature,105,24.1,36.1,30,139.25
27-05-2019,IN,Kolkata,temperature,96,28.1,37.1,30.5,75.85
28-05-2019,IN,Kolkata,temperature,96,27.1,37.5,30.6,94.17
29-05-2019,IN,Kolkata,temperature,96,28,37.1,30.8,92.74
30-05-2019,IN,Kolkata,temperature,96,25.1,36.1,30.2,71.81
31-05-2019,IN,Kolkata,temperature,96,24.1,36.1,30.1,85.84
01-06-2019,IN,Kolkata,temperature,96,26,37.1,30.7,101.82
02-06-2019,IN,Kolkata,temperature,96,23,34.6,28.8,80.67
03-06-2019,IN,Kolkata,temperature,120,24.8,35.1,29.5,94.22
04-06-2019,IN,Kolkata,temperature,120,27.1,35.1,30.1,47.72
05-06-2019,IN,Kolkata,temperature,120,24.4,31.5,28.8,36.36
06-06-2019,IN,Kolkata,temperature,120,25,33.1,28.2,52.09
07-06-2019,IN,Kolkata,temperature,120,26,31.1,28.1,17.23
08-06-2019,IN,Kolkata,temperature,120,26,35.5,30,68.83
09-06-2019,IN,Kolkata,temperature,120,27.7,36.6,31,79.66
10-06-2019,IN,Kolkata,temperature,120,28,37.1,31.1,79.09
11-06-2019,IN,Kolkata,temperature,120,28.4,37.1,31.1,68.82
12-06-2019,IN,Kolkata,temperature,120,22.9,37.1,31.5,98.67
13-06-2019,IN,Kolkata,temperature,120,23.1,35.5,31.3,153.69
14-06-2019,IN,Kolkata,temperature,115,26.7,38.8,32,136.19
15-06-2019,IN,Kolkata,temperature,90,28,33.1,30.1,21.09
16-06-2019,IN,Kolkata,temperature,96,28,39.1,30.3,108.06
17-06-2019,IN,Kolkata,temperature,120,28,38.1,31.3,58.32
18-06-2019,IN,Kolkata,temperature,120,25.4,35.1,29.8,60.36
19-06-2019,IN,Kolkata,temperature,120,24.8,37.1,29.1,144.15
20-06-2019,IN,Kolkata,temperature,120,26.2,36.1,30.5,80.47
21-06-2019,IN,Kolkata,temperature,120,27,32.1,28.6,16.43
22-06-2019,IN,Kolkata,temperature,120,26.7,35.1,29.1,47.02
23-06-2019,IN,Kolkata,temperature,120,27,36.1,30.1,53.76
24-06-2019,IN,Kolkata,temperature,120,27,35.4,30.1,55.61
25-06-2019,IN,Kolkata,temperature,120,28.3,37.1,30.6,63.83
26-06-2019,IN,Kolkata,temperature,120,28.4,36.1,30.9,49.67
27-06-2019,IN,Kolkata,temperature,120,28.6,35,30.5,41.14
28-06-2019,IN,Kolkata,temperature,120,28.3,32,29.8,8.71
29-06-2019,IN,Kolkata,temperature,120,25,35,28.8,100.7
30-06-2019,IN,Kolkata,temperature,120,25.2,35,28,61.42
01-07-2019,IN,Kolkata,temperature,120,26.9,32,27.9,22.12
02-07-2019,IN,Kolkata,temperature,118,26.9,32,27.7,13.44
03-07-2019,IN,Kolkata,temperature,120,25.7,33,28.2,47.2
04-07-2019,IN,Kolkata,temperature,120,27,35,30.1,52.45
05-07-2019,IN,Kolkata,temperature,120,26.3,32.5,28.6,27.2
06-07-2019,IN,Kolkata,temperature,120,26.3,31,28,15.61
07-07-2019,IN,Kolkata,temperature,120,26.7,32,28.8,20.06
08-07-2019,IN,Kolkata,temperature,120,27.8,35,29.2,32.41
09-07-2019,IN,Kolkata,temperature,120,28,35,29.8,38.41
10-07-2019,IN,Kolkata,temperature,120,25.5,34,29,49.45
11-07-2019,IN,Kolkata,temperature,120,27.8,32,29.2,9.96
12-07-2019,IN,Kolkata,temperature,120,27.5,33,29.5,27.6
13-07-2019,IN,Kolkata,temperature,120,27.6,35.5,30.8,48.77
14-07-2019,IN,Kolkata,temperature,120,28.2,38,31,73.03
15-07-2019,IN,Kolkata,temperature,120,28.9,38,31.1,67.92
16-07-2019,IN,Kolkata,temperature,109,24.2,36.5,29.2,72.62
17-07-2019,IN,Kolkata,temperature,96,25.7,36,31,103.48
18-07-2019,IN,Kolkata,temperature,96,27.7,35,31,51.32
19-07-2019,IN,Kolkata,temperature,96,27,36,30.5,66.77
20-07-2019,IN,Kolkata,temperature,96,27,36,30.5,65.82
21-07-2019,IN,Kolkata,temperature,120,27.5,36,30,68.14
22-07-2019,IN,Kolkata,temperature,120,27.9,35.5,30.4,54.12
23-07-2019,IN,Kolkata,temperature,120,28,36,30,60.23
24-07-2019,IN,Kolkata,temperature,120,26.2,35.5,28.6,87.75
25-07-2019,IN,Kolkata,temperature,120,26.7,34,28.5,47.9
26-07-2019,IN,Kolkata,temperature,120,25.5,30.5,27.5,16.74
27-07-2019,IN,Kolkata,temperature,120,25.8,32,28,38.8
28-07-2019,IN,Kolkata,temperature,120,26,32,27.5,21.57
29-07-2019,IN,Kolkata,temperature,120,25.6,29,27,7.61
30-07-2019,IN,Kolkata,temperature,120,25.8,32.4,28.3,32.17
31-07-2019,IN,Kolkata,temperature,120,26.3,32.5,28.6,28.47
01-08-2019,IN,Kolkata,temperature,120,26.8,33.2,29,43.25
02-08-2019,IN,Kolkata,temperature,120,26.9,34,28,39.42
03-08-2019,IN,Kolkata,temperature,120,26.5,33,28.8,27.28
04-08-2019,IN,Kolkata,temperature,120,26.2,33,28,25.61
05-08-2019,IN,Kolkata,temperature,120,27,36,29.2,80.21
06-08-2019,IN,Kolkata,temperature,120,26,33,28,23.93
07-08-2019,IN,Kolkata,temperature,120,25.7,30,26.7,9.7
08-08-2019,IN,Kolkata,temperature,113,25.2,29.9,26.2,12.56
09-08-2019,IN,Kolkata,temperature,108,10.7,33,29,75.41
10-08-2019,IN,Kolkata,temperature,113,26.6,35,29,60.69
11-08-2019,IN,Kolkata,temperature,120,26.7,36,29,78.73
12-08-2019,IN,Kolkata,temperature,116,26,31,28,14.81
13-08-2019,IN,Kolkata,temperature,110,25.1,29.5,27,11.73
14-08-2019,IN,Kolkata,temperature,113,26,31,28.2,19.97
15-08-2019,IN,Kolkata,temperature,112,25,29.4,27,20.24
16-08-2019,IN,Kolkata,temperature,96,24,32.6,27.4,64.15
17-08-2019,IN,Kolkata,temperature,96,23.8,26.1,25.5,4.19
18-08-2019,IN,Kolkata,temperature,96,25,29,26,13.59
19-08-2019,IN,Kolkata,temperature,96,25.7,33.5,28.6,62.91
20-08-2019,IN,Kolkata,temperature,111,27,32.1,28.7,19.41
21-08-2019,IN,Kolkata,temperature,120,10,34.8,29.5,167.37
22-08-2019,IN,Kolkata,temperature,120,8.6,35,28.5,209.77
23-08-2019,IN,Kolkata,temperature,120,25,32.9,28,58.32
24-08-2019,IN,Kolkata,temperature,120,25.7,29,27.2,7.91
25-08-2019,IN,Kolkata,temperature,107,25,30,27,16.29
26-08-2019,IN,Kolkata,temperature,96,26,32,27,23.1
27-08-2019,IN,Kolkata,temperature,96,26,33.5,27.4,46.67
28-08-2019,IN,Kolkata,temperature,96,26,33,28.3,43.56
29-08-2019,IN,Kolkata,temperature,96,26,31.5,28,22.56
30-08-2019,IN,Kolkata,temperature,120,26,35,28.8,73.48
31-08-2019,IN,Kolkata,temperature,116,26.7,34,30.1,43.33
01-09-2019,IN,Kolkata,temperature,100,25,34,28.8,67.77
02-09-2019,IN,Kolkata,temperature,92,25.4,34,29,60.25
03-09-2019,IN,Kolkata,temperature,86,25.5,31,27.8,24.29
04-09-2019,IN,Kolkata,temperature,120,26.1,32,28.6,19.97
05-09-2019,IN,Kolkata,temperature,120,27,33,28.4,20.72
06-09-2019,IN,Kolkata,temperature,120,26.9,33,29,25.3
07-09-2019,IN,Kolkata,temperature,116,26.6,30.5,27.4,6.6
08-09-2019,IN,Kolkata,temperature,120,26,30.1,27.5,8.05
09-09-2019,IN,Kolkata,temperature,120,26.3,33.2,28.7,44.05
10-09-2019,IN,Kolkata,temperature,120,27,33,29,23.81
11-09-2019,IN,Kolkata,temperature,115,24.9,31,28,10.89
12-09-2019,IN,Kolkata,temperature,120,24.9,29,27,7.78
13-09-2019,IN,Kolkata,temperature,109,26.2,32,27.7,22.09
14-09-2019,IN,Kolkata,temperature,96,26,33.5,29,46.58
15-09-2019,IN,Kolkata,temperature,96,27,34,29.5,49.86
16-09-2019,IN,Kolkata,temperature,120,27,34.5,29.1,51.69
17-09-2019,IN,Kolkata,temperature,120,26.6,34.7,29.3,60.9
18-09-2019,IN,Kolkata,temperature,101,26,34.5,28,52.06
19-09-2019,IN,Kolkata,temperature,120,26.9,34.6,29.5,51.9
20-09-2019,IN,Kolkata,temperature,120,26.1,35,29,54.73
21-09-2019,IN,Kolkata,temperature,120,24.3,34.5,26.8,68.03
22-09-2019,IN,Kolkata,temperature,120,25,33.9,28,49.58
23-09-2019,IN,Kolkata,temperature,120,26.6,32,28,16.24
24-09-2019,IN,Kolkata,temperature,110,23.9,30,26.1,30.04
25-09-2019,IN,Kolkata,temperature,109,24,26,25,3.46
26-09-2019,IN,Kolkata,temperature,120,23,30,25,41.24
27-09-2019,IN,Kolkata,temperature,120,23.8,29.8,26,38.51
28-09-2019,IN,Kolkata,temperature,120,23.4,29,25,16.06
29-09-2019,IN,Kolkata,temperature,120,22.8,28.1,24.9,19.56
30-09-2019,IN,Kolkata,temperature,120,24,31.2,25.9,55.04
30-09-2019,IN,Kolkata,temperature,120,24,31.2,25.9,55.04
01-10-2019,IN,Kolkata,temperature,120,25,32.7,28.8,54.19
01-10-2019,IN,Kolkata,temperature,120,25,32.7,28.8,54.19
02-10-2019,IN,Kolkata,temperature,120,25.3,33.5,29,65.5
02-10-2019,IN,Kolkata,temperature,120,25.3,33.5,29,65.5
03-10-2019,IN,Kolkata,temperature,120,24.4,33,27.5,47.58
03-10-2019,IN,Kolkata,temperature,120,24.4,33,27.5,47.58
04-10-2019,IN,Kolkata,temperature,120,26,33.2,28.3,55.15
04-10-2019,IN,Kolkata,temperature,120,26,33.2,28.3,55.15
05-10-2019,IN,Kolkata,temperature,120,25.5,32.5,27.1,43.95
05-10-2019,IN,Kolkata,temperature,120,25.5,32.5,27.1,43.95
06-10-2019,IN,Kolkata,temperature,110,26,34,27.4,59.43
06-10-2019,IN,Kolkata,temperature,110,26,34,27.4,59.43
07-10-2019,IN,Kolkata,temperature,88,25,28.6,26.5,9.34
08-10-2019,IN,Kolkata,temperature,96,24,31.5,26.5,56.56
09-10-2019,IN,Kolkata,temperature,118,23,27.7,24,13.37
10-10-2019,IN,Kolkata,temperature,107,23.7,30.6,25.9,40.46
11-10-2019,IN,Kolkata,temperature,120,24,32.2,26.8,71.84
12-10-2019,IN,Kolkata,temperature,118,24,32.7,27.6,80.27
13-10-2019,IN,Kolkata,temperature,120,24,32.4,27.3,51.68
14-10-2019,IN,Kolkata,temperature,111,23.2,32.9,27,80.98
15-10-2019,IN,Kolkata,temperature,98,23.6,33.4,27.8,89.99
16-10-2019,IN,Kolkata,temperature,93,23.6,32.1,26.2,65.62
17-10-2019,IN,Kolkata,temperature,96,24.1,32.5,25.6,51.61
18-10-2019,IN,Kolkata,temperature,87,23.9,33.5,28,91.74
19-10-2019,IN,Kolkata,temperature,96,24.9,34,28.6,87.92
20-10-2019,IN,Kolkata,temperature,96,25,33.5,28,69.94
21-10-2019,IN,Kolkata,temperature,96,24.6,32.7,27.5,61.88
22-10-2019,IN,Kolkata,temperature,120,24.7,32.6,27.8,60.04
23-10-2019,IN,Kolkata,temperature,101,23,32,26.2,54.52
24-10-2019,IN,Kolkata,temperature,84,20,23.7,23,6.6
25-10-2019,IN,Kolkata,temperature,72,20,24.2,22,18.9
26-10-2019,IN,Kolkata,temperature,95,21,26.5,23,20.97
27-10-2019,IN,Kolkata,temperature,96,21.5,30.3,24.2,69.12
28-10-2019,IN,Kolkata,temperature,96,21,30.4,24.1,77.65
29-10-2019,IN,Kolkata,temperature,95,20.1,30.3,24.2,94.43
30-10-2019,IN,Kolkata,temperature,96,20.9,30.6,25,85.22
31-10-2019,IN,Kolkata,temperature,96,21.2,30.8,24.5,92.51
01-11-2019,IN,Kolkata,temperature,96,21.6,31,25.1,86.75
02-11-2019,IN,Kolkata,temperature,96,21.2,31.9,25.5,96.98
03-11-2019,IN,Kolkata,temperature,96,21.7,31.7,26,87.68
04-11-2019,IN,Kolkata,temperature,96,21.6,31.5,25.3,94.86
05-11-2019,IN,Kolkata,temperature,84,21.9,31,24.9,84.68
06-11-2019,IN,Kolkata,temperature,85,19.6,29.8,24.1,88.76
07-11-2019,IN,Kolkata,temperature,96,18.4,29.3,23.8,89.41
08-11-2019,IN,Kolkata,temperature,100,22,25.4,23,9.96
09-11-2019,IN,Kolkata,temperature,120,22,23.1,22.4,1.56
10-11-2019,IN,Kolkata,temperature,120,22.3,26.6,23.5,15.68
11-11-2019,IN,Kolkata,temperature,120,20.9,29.9,23.7,85.21
12-11-2019,IN,Kolkata,temperature,120,20,30.3,23.2,86.82
13-11-2019,IN,Kolkata,temperature,120,18.2,30,22.8,119.23
14-11-2019,IN,Kolkata,temperature,117,18.7,30.4,24,108.67
15-11-2019,IN,Kolkata,temperature,110,19.5,31.4,24,133.21
16-11-2019,IN,Kolkata,temperature,108,19.7,31,23.7,125.4
17-11-2019,IN,Kolkata,temperature,120,19,30,23,118.75
18-11-2019,IN,Kolkata,temperature,120,19,30.7,23.1,121.19
19-11-2019,IN,Kolkata,temperature,119,18.6,30,22.7,102.76
20-11-2019,IN,Kolkata,temperature,120,17.4,29.5,21.9,141.04
21-11-2019,IN,Kolkata,temperature,120,16.5,28.6,21.9,132.03
22-11-2019,IN,Kolkata,temperature,120,17.2,29,22,115.44
23-11-2019,IN,Kolkata,temperature,120,17.6,28.4,21.7,103.25
24-11-2019,IN,Kolkata,temperature,119,17.7,29.2,21.7,122.62
25-11-2019,IN,Kolkata,temperature,110,18,29.1,23,130.25
26-11-2019,IN,Kolkata,temperature,120,19,29.2,23,113.33
27-11-2019,IN,Kolkata,temperature,120,0,29.8,22.4,445.45
28-11-2019,IN,Kolkata,temperature,120,18.5,30.4,22.8,135.4
29-11-2019,IN,Kolkata,temperature,120,18.5,30.5,23,139.05
30-11-2019,IN,Kolkata,temperature,118,18,29.8,23,123.75
01-12-2019,IN,Kolkata,temperature,104,0,27.8,20.9,711.56
02-12-2019,IN,Kolkata,temperature,109,0,28,20.5,577.91
03-12-2019,IN,Kolkata,temperature,117,13.6,27,20.4,130.38
04-12-2019,IN,Kolkata,temperature,136,15,25.9,20,103.22
05-12-2019,IN,Kolkata,temperature,194,15,27,20.2,147.3
06-12-2019,IN,Kolkata,temperature,204,15,28.7,22,179
07-12-2019,IN,Kolkata,temperature,216,17,28.8,23,121.82
08-12-2019,IN,Kolkata,temperature,216,19,29,23,105.35
09-12-2019,IN,Kolkata,temperature,216,18,28.1,21.5,91.27
10-12-2019,IN,Kolkata,temperature,216,0,27.1,20,469.91
11-12-2019,IN,Kolkata,temperature,216,13,27,21.5,144.75
12-12-2019,IN,Kolkata,temperature,216,16,26.3,21,92.16
13-12-2019,IN,Kolkata,temperature,206,16,27,21.5,115.6
14-12-2019,IN,Kolkata,temperature,198,18,27.7,21.7,105.66
15-12-2019,IN,Kolkata,temperature,206,0,26.2,20.2,130.05
16-12-2019,IN,Kolkata,temperature,203,9.6,25.4,20,83.04
17-12-2019,IN,Kolkata,temperature,181,17,25,20,53.5
18-12-2019,IN,Kolkata,temperature,214,12.5,22.7,16.5,66.24
19-12-2019,IN,Kolkata,temperature,216,9,21.8,14.5,127.73
20-12-2019,IN,Kolkata,temperature,210,10,22,14,114.39
21-12-2019,IN,Kolkata,temperature,216,10.5,21.6,13.9,93.32
22-12-2019,IN,Kolkata,temperature,208,0,20.1,15,93.23
23-12-2019,IN,Kolkata,temperature,216,12,22,16,94.47
24-12-2019,IN,Kolkata,temperature,216,12,23.8,15.5,116.3
25-12-2019,IN,Kolkata,temperature,207,0,27.5,18.3,202.49
26-12-2019,IN,Kolkata,temperature,214,12,18.4,15,19.6
27-12-2019,IN,Kolkata,temperature,214,11.5,19.1,13.6,55.54
28-12-2019,IN,Kolkata,temperature,192,9,19.9,14,105.77
29-12-2019,IN,Kolkata,temperature,15,12,13.6,12,3.52
03-01-2020,IN,Kolkata,temperature,111,16,17.9,16,1.82
03-01-2020,IN,Kolkata,temperature,111,16,17.9,16,1.82
04-01-2020,IN,Kolkata,temperature,216,12.1,19.1,16.1,15.26
04-01-2020,IN,Kolkata,temperature,216,12.1,19.1,16.1,15.26
05-01-2020,IN,Kolkata,temperature,216,13.7,20.2,15.7,32.5
05-01-2020,IN,Kolkata,temperature,216,13.7,20.2,15.7,32.5
06-01-2020,IN,Kolkata,temperature,216,10,22.3,15.2,114.65
07-01-2020,IN,Kolkata,temperature,216,11,20.9,15.3,98.61
08-01-2020,IN,Kolkata,temperature,211,10,23.5,17.5,188.83
09-01-2020,IN,Kolkata,temperature,205,15,22.4,18,39.43
10-01-2020,IN,Kolkata,temperature,216,12.5,22.3,16.5,50.25
11-01-2020,IN,Kolkata,temperature,211,11,20.2,15,83.41
12-01-2020,IN,Kolkata,temperature,204,11,23,15.7,132.3
13-01-2020,IN,Kolkata,temperature,206,10.9,22.7,16.9,130.85
14-01-2020,IN,Kolkata,temperature,205,11,25.5,17.7,213.8
15-01-2020,IN,Kolkata,temperature,216,12.7,26.8,18.1,219.56
16-01-2020,IN,Kolkata,temperature,210,0,28.3,20,387.63
17-01-2020,IN,Kolkata,temperature,208,14.5,29,20.5,224.77
18-01-2020,IN,Kolkata,temperature,205,14.8,29.1,21.5,224.56
19-01-2020,IN,Kolkata,temperature,207,14.8,26.9,19,114.49
20-01-2020,IN,Kolkata,temperature,198,14.2,22.3,17,39.21
21-01-2020,IN,Kolkata,temperature,205,11.5,23.8,17.5,129.71
22-01-2020,IN,Kolkata,temperature,209,12,25.7,19,185.01
23-01-2020,IN,Kolkata,temperature,194,15,23.9,19,65.57
24-01-2020,IN,Kolkata,temperature,205,14,23.9,16.5,92.08
25-01-2020,IN,Kolkata,temperature,207,10.8,23.5,16,147.95
26-01-2020,IN,Kolkata,temperature,210,11,24.5,16.8,183.77
27-01-2020,IN,Kolkata,temperature,216,5.2,23.4,17.7,142.1
28-01-2020,IN,Kolkata,temperature,211,12,25.7,19,181.93
29-01-2020,IN,Kolkata,temperature,211,16,24.4,20,57.83
30-01-2020,IN,Kolkata,temperature,205,17,22.5,19.2,15.31
31-01-2020,IN,Kolkata,temperature,216,14.6,24.1,18,62.12
01-02-2020,IN,Kolkata,temperature,253,12,24.8,18,146.3
02-02-2020,IN,Kolkata,temperature,235,13,23.6,17.5,95.4
03-02-2020,IN,Kolkata,temperature,244,11,23.9,17,128.72
04-02-2020,IN,Kolkata,temperature,264,11,24.5,19,178.35
05-02-2020,IN,Kolkata,temperature,259,15,26.3,20,111.5
06-02-2020,IN,Kolkata,temperature,260,15,26,20,111.77
07-02-2020,IN,Kolkata,temperature,255,15,22.3,18.9,42.76
08-02-2020,IN,Kolkata,temperature,204,16,19.2,17.2,11.3
09-02-2020,IN,Kolkata,temperature,99,14.2,22.3,15.5,57.21
25-02-2020,IN,Kolkata,temperature,71,17.5,21,19,10.47
26-02-2020,IN,Kolkata,temperature,264,17,26.7,21.5,99.67
27-02-2020,IN,Kolkata,temperature,263,17,27.6,21.9,94.28
28-02-2020,IN,Kolkata,temperature,264,17,27.8,22,109.44
29-02-2020,IN,Kolkata,temperature,264,16.5,29.1,22.7,154.56
01-03-2020,IN,Kolkata,temperature,264,17.9,30,24,143.65
02-03-2020,IN,Kolkata,temperature,264,18.9,31,26,159.14
03-03-2020,IN,Kolkata,temperature,23,22.3,24.5,24,4.4
04-03-2020,IN,Kolkata,temperature,60,20,26,21.3,45.55
05-03-2020,IN,Kolkata,temperature,264,17.5,29.1,21.1,104.14
06-03-2020,IN,Kolkata,temperature,264,20,28.7,24,73.86
07-03-2020,IN,Kolkata,temperature,264,19,27,22.5,38.5
08-03-2020,IN,Kolkata,temperature,264,17.1,30.7,24,77.4
09-03-2020,IN,Kolkata,temperature,264,18.5,29.7,23.5,107.61
10-03-2020,IN,Kolkata,temperature,264,17.9,30.5,25,168.31
11-03-2020,IN,Kolkata,temperature,264,21.5,32.5,25.5,95.65
12-03-2020,IN,Kolkata,temperature,264,21.9,32,27,119.25
13-03-2020,IN,Kolkata,temperature,264,21.1,34,29,161.55
14-03-2020,IN,Kolkata,temperature,264,19,31.3,24.5,104.06
15-03-2020,IN,Kolkata,temperature,264,18,30.8,24,155.02
16-03-2020,IN,Kolkata,temperature,264,20.8,31.4,25.8,95.58
17-03-2020,IN,Kolkata,temperature,263,22.8,31.6,26.5,81.58
18-03-2020,IN,Kolkata,temperature,264,21,32,25.5,113.67
19-03-2020,IN,Kolkata,temperature,264,19.9,33,27.5,184.58
20-03-2020,IN,Kolkata,temperature,264,21.5,32,26,129.51
21-03-2020,IN,Kolkata,temperature,264,19,33.4,26.9,206.04
22-03-2020,IN,Kolkata,temperature,264,16,30,24.3,194.65
23-03-2020,IN,Kolkata,temperature,264,20,32.2,24.5,177.05
24-03-2020,IN,Kolkata,temperature,264,20,32.8,25.5,154.44
25-03-2020,IN,Kolkata,temperature,264,21,33.5,27.5,154.59
26-03-2020,IN,Kolkata,temperature,264,23.8,35.2,28,144.51
27-03-2020,IN,Kolkata,temperature,264,22.9,36,29.4,151.45
28-03-2020,IN,Kolkata,temperature,264,24.7,36,31.4,114.17
29-03-2020,IN,Kolkata,temperature,253,25.5,35.5,29.5,86.26
30-03-2020,IN,Kolkata,temperature,256,23,35,30.4,126.92
31-03-2020,IN,Kolkata,temperature,240,22.8,36,29.3,152.03
01-04-2020,IN,Kolkata,temperature,251,25.1,38,29.5,172.45
02-04-2020,IN,Kolkata,temperature,264,23.3,36.5,29.5,152.93
03-04-2020,IN,Kolkata,temperature,264,26,36,30.5,102.22
04-04-2020,IN,Kolkata,temperature,264,24.6,37,30.5,131.94
05-04-2020,IN,Kolkata,temperature,264,26.9,37,30.5,103.08
06-04-2020,IN,Kolkata,temperature,264,25,38,30,167.66
07-04-2020,IN,Kolkata,temperature,264,25.5,39,30.5,173.5
08-04-2020,IN,Kolkata,temperature,264,25.6,36,29,80.24
09-04-2020,IN,Kolkata,temperature,264,24.4,36,28,124.13
10-04-2020,IN,Kolkata,temperature,264,24.7,36.5,28.5,138.35
11-04-2020,IN,Kolkata,temperature,264,24.5,37,29,151.64
12-04-2020,IN,Kolkata,temperature,264,24,34,28.2,107.03
13-04-2020,IN,Kolkata,temperature,264,26,35.5,28.6,108.14
14-04-2020,IN,Kolkata,temperature,264,26,36.5,29.5,123.08
15-04-2020,IN,Kolkata,temperature,264,22.3,34.6,27.6,118.08
16-04-2020,IN,Kolkata,temperature,264,22,33.3,28,137.74
17-04-2020,IN,Kolkata,temperature,264,25.5,36,29,95.5
18-04-2020,IN,Kolkata,temperature,264,25.2,33,28.5,49.57
19-04-2020,IN,Kolkata,temperature,256,24.3,35,29,80.59
20-04-2020,IN,Kolkata,temperature,232,20,35,30,134.99
21-04-2020,IN,Kolkata,temperature,264,19.9,26.6,23.5,24.09
22-04-2020,IN,Kolkata,temperature,264,19.8,31.1,26.3,116.16
23-04-2020,IN,Kolkata,temperature,264,21,33.5,25,151.59
24-04-2020,IN,Kolkata,temperature,264,21.6,33,24.5,125.31
25-04-2020,IN,Kolkata,temperature,264,19.9,33.5,27.5,120.25
26-04-2020,IN,Kolkata,temperature,264,16.5,32,26.3,62.53
27-04-2020,IN,Kolkata,temperature,264,23,28.5,25.2,27.22
28-04-2020,IN,Kolkata,temperature,263,23,27.6,24.9,9.2
29-04-2020,IN,Kolkata,temperature,264,22,32.2,26.4,99.42
30-04-2020,IN,Kolkata,temperature,264,24,34,27.5,85.82
01-05-2020,IN,Kolkata,temperature,264,20.4,32,25,100.38
02-05-2020,IN,Kolkata,temperature,256,20.7,32,26.1,128.92
03-05-2020,IN,Kolkata,temperature,264,18.1,33.3,27.7,103.02
04-05-2020,IN,Kolkata,temperature,264,25,35,28.5,78.61
05-05-2020,IN,Kolkata,temperature,264,25,35,29.5,102.04
06-05-2020,IN,Kolkata,temperature,225,15.8,32.6,27.6,136.42
07-05-2020,IN,Kolkata,temperature,227,21.5,34,28,182.54
08-05-2020,IN,Kolkata,temperature,240,21,35,29.5,214.69
09-05-2020,IN,Kolkata,temperature,222,26.5,37.5,31,124.7
10-05-2020,IN,Kolkata,temperature,237,22,36,29.8,208.29
11-05-2020,IN,Kolkata,temperature,223,22,34.5,29.5,179.26
12-05-2020,IN,Kolkata,temperature,216,23.9,36,30.5,106.89
13-05-2020,IN,Kolkata,temperature,216,24,37,30.5,95.9
14-05-2020,IN,Kolkata,temperature,216,27,36,30,90.61
15-05-2020,IN,Kolkata,temperature,216,27.5,37,31,88.53
16-05-2020,IN,Kolkata,temperature,200,27.7,37,31.5,81.01
17-05-2020,IN,Kolkata,temperature,90,29,37,30,94.22
